,TagName
0,lyx
1,include
2,compiling
3,labels
4,beamer
5,table-of-contents
6,subjective
7,learning
8,word-to-latex
9,spelling
10,publishing
11,xetex
12,luatex
13,context
14,brackets
15,tools
16,format-files
17,opentype
18,math-operators
19,programming
20,msword
21,conversion
22,resume
23,fonts
24,computer-modern
25,graphics
26,automation
27,document-classes
28,preamble
29,packages
30,makefile
31,windows
32,cleanup
33,bibtex
34,bibliographies
35,syntax
36,web
37,embedding
38,enumerate
39,revision-control
40,syntax-checker
41,align
42,equations
43,verbatim
44,pstricks
45,line-breaking
46,ubuntu
47,linux
48,notes
49,input
50,macros
51,miktex
52,texdoc
53,online
54,size
55,links
56,indexing
57,minipage
58,margins
59,two-column
60,math-mode
61,header-footer
62,exam
63,tilde
64,indic
65,tamil
66,templates
67,resources
68,repositories
69,music
70,vertical-alignment
71,spacing
72,subscripts
73,ide
74,pdftex
75,parsing
76,right-to-left
77,grammar
78,thesis
79,latex3
80,tex-history
81,diagrams
82,svg
83,feynmf
84,kile
85,srcltx
86,paper-size
87,geometry
88,amsthm
89,numbering
90,expansion
91,superscripts
92,hyphenation
93,color
94,tex-core
95,crop
96,metapost
97,logic
98,truetype
99,line-spacing
100,punctuation
101,cases
102,unicode
103,counters
104,fourier
105,word-count
106,scripts
107,debugging
108,units
109,big-list
110,lengths
111,archiving
112,best-practices
113,comments
114,marginpar
115,draft
116,fontspec
117,mathspec
118,semantics
119,amsrefs
120,formatting
121,wysiwyg
122,amsmath
123,emacs
124,auctex
125,urls
126,navigation
127,teaching
128,hyperref
129,open-office
130,calligraphy
131,printing
132,line-numbering
133,changes
134,captions
135,itemize
136,letterhead
137,backgrounds
138,calendar
139,nesting
140,contribute
141,database
142,acrobat
143,highlighting
144,listings
145,ctan
146,parallel
147,osx
148,mactex
149,texlive
150,datetime
151,options
152,ampersand
153,texlipse
154,eclipse
155,latexdiff
156,texmf
157,xy-pic
158,rotating
159,graphs
160,memoir
161,sciposter
162,latexmk
163,psfrag
164,matlab
165,logging
166,booktabs
167,bold
168,rounded-corners
169,koma-script
170,algorithms
171,pseudocode
172,floats
173,collaboration
174,symbols
175,abstract
176,matrices
177,trees
178,protrusion
179,font-expansion
180,amsart
181,article
182,vim
183,grids
184,sweave
185,literate-programming
186,installing
187,tables
188,pdf
189,html
190,pause
191,metafont
192,font-metrics
193,arxiv
194,editors
195,biblatex
196,braces
197,letters
198,animations
199,examples
200,winedt
201,footnotes
202,lists
203,posters
204,write
205,plain-tex
206,lastpage
207,licensing
208,blank-page
209,input-encodings
210,pdftricks
211,revtex
212,warnings
213,ligatures
214,setspace
215,theorems
216,presentations
217,accents
218,appendices
219,shading
220,circles
221,nodes
222,linguistics
223,exercises
224,addresses
225,errors
226,shadows
227,texniccenter
228,texmaker
229,natbib
230,babel
231,dvi
232,viewers
233,token-lists
234,expl3
235,gnuplot
236,e-tex
237,postscript
238,boxes
239,eps
240,rubber
241,build-system
242,tutorials
243,books
244,quotchap
245,macports
246,mathdesign
247,chapters
248,delimiters
249,description
250,pgfplots
251,siunitx
252,calculations
253,indentation
254,filesystem-access
255,multibib
256,import
257,external-files
258,endnotes
259,substitution
260,hebrew
261,text-manipulation
262,distributions
263,vector
264,protext
265,pgfkeys
266,barcodes
267,mathcal
268,bookmarks
269,strings
270,fancyhdr
271,scrpage2
272,oldstylenums
273,parameters
274,legend
275,plot
276,performance
277,kerning
278,microtype
279,positioning
280,mathpazo
281,small-caps
282,enumitem
283,pgfpages
284,doi
285,documentation
286,javascript
287,acrotex
288,horizontal-alignment
289,tufte
290,mathematica
291,tabularx
292,fractions
293,longtable
294,tex-general
295,dimensions
296,blackboard
297,dvipdfmx
298,arrays
299,package-writing
300,framed
301,wrapfigure
302,raise
303,statistics
304,landscape
305,boxplot
306,titlesec
307,xml
308,rendering
309,emphasis
310,r
311,affiliation
312,glossaries
313,pst-tree
314,scaling
315,quality-system
316,iso
317,bibunits
318,texinputs
319,environment-variables
320,security
321,paths
322,pgf-2.10
323,meaning
324,reflection
325,capitalization
326,recursion
327,cyrillic
328,node-connections
329,source
330,minion
331,tex4ht
332,moderncv
333,todonotes
334,multline
335,etoolbox
336,conditionals
337,optional-arguments
338,width
339,skak
340,xfrac
341,alphabet
342,strut
343,multicol
344,typography
345,minted
346,gif
347,decorations
348,newlfm
349,gb4e
350,jabref
351,mathtools
352,subcaption
353,book-design
354,front-matter
355,mathjax
356,mathml
357,cleveref
358,dictionaries
359,greek
360,loops
361,file-lookup
362,columns
363,folders
364,jobname
365,tikz-pgf
366,shapepar
367,pgf-core
368,environments
369,metadata
370,foreach
371,harvard-style
372,dirtree
373,rules
374,epigraphs
375,copyright
376,page-breaking
377,page-numbering
378,texshop
379,algorithm2e
380,overlays
381,fit
382,showexpl
383,circuitikz
384,hooks
385,latin-modern
386,breqn
387,varwidth
388,cross-referencing
389,sorting
390,fmtutil
391,cite-package
392,code
393,pdfpages
394,write-file
395,datatool
396,fontsize
397,ulem
398,arrows
399,catcodes
400,watermark
401,mla-style
402,apa-style
403,audio
404,xskak
405,chessboard
406,ps
407,pdfcrop
408,floatrow
409,badness
410,textmate
411,output
412,output-routine
413,3d
414,tabbing
415,texworks
416,inline
417,displaystyle
418,polynom
419,cjk
420,journal
421,font-encodings
422,movie15
423,characters
424,biber
425,key-value
426,fancyvrb
427,minitoc
428,incompatibility
429,subversion
430,profiling
431,unicode-math
432,gedit
433,tikz-chains
434,tikz-trees
435,knuth
436,fun
437,documentclass-writing
438,screen
439,transparency
440,modules
441,comparison
442,acronyms
443,fp
444,polyglossia
445,implicit-braces
446,luaotfload
447,auxiliary-files
448,pgfplotstable
449,report
450,supertabular
451,hoefler
452,org-mode
453,gradient
454,wrap
455,lettrine
456,drop-cap
457,document-configuration
458,bidi
459,resolution
460,questionnaire
461,mhchem
462,tkz-collection
463,poetry
464,lua
465,quoting
466,subfloats
467,nomenclature
468,arabic
469,dtx
470,typein
471,tocloft
472,journal-publishing
473,sectioning
474,parts
475,lncs
476,xkeyval
477,sections-paragraphs
478,citing
479,primitives
480,sectsty
481,csquotes
482,powerdot
483,sourcecode
484,languages
485,paragraphs
486,soul
487,attachfile
488,chemstyle
489,parskip
490,patching
491,chicago-style
492,fncychap
493,ebook
494,italic-correction
495,libertine
496,standalone
497,typearea
498,thmtools
499,pgfmath
500,aquamacs
501,text-decorations
502,classicthesis
503,amsbook
504,preview
505,ieeetran
506,bordermatrix
507,grouping
508,stack
509,acm
510,makecell
511,forms
512,xspace
513,reftex
514,roman-numerals
515,ledmac
516,stacking-symbols
517,svn-multi
518,technical-drawing
519,package-options
520,xtab
521,cancel
522,ragged2e
523,french
524,css
525,footmisc
526,flyers
527,latex-project
528,led-editor
529,random-numbers
530,titletoc
531,emp
532,starred-version
533,chngcntr
534,terminal-output
535,letterspacing
536,metauml
537,lyx-layouts
538,keyboard
539,scoping
540,bounding-box
541,engineering
542,class-options
543,updating
544,covers
545,keywords
546,pandoc
547,python
548,xindy
549,charts
550,xparse
551,multirow
552,ntheorem
553,dimension-expressions
554,git
555,frenchspacing
556,copy-paste
557,drm
558,intersections
559,paralist
560,widows-orphans
561,titles
562,timing-diagrams
563,latex2html
564,flashcards
565,file-size
566,text-mode
567,imakeidx
568,animate
569,swf
570,colortbl
571,combine
572,kpfonts
573,songs
574,ps2pdf
575,ghostscript
576,dvips
577,picins
578,jurabib
579,auto-pst-pdf
580,strikeout
581,math-table
582,spanish
583,automata
584,texstudio
585,themes
586,fixme
587,coordinates
588,path-clipping
589,unit-of-measure
590,chemfig
591,nccmath
592,pdftops
593,epstopdf
594,epstool
595,tabu
596,answers
597,probsoln
598,sans-serif
599,typewriter
600,double-sided
601,type1
602,tikz-styles
603,scrbook
604,alias
605,naming
606,output-driver
607,typefaces
608,dependencies
609,height
610,mwcls
611,shell-escape
612,beamerarticle
613,minimal
614,elsarticle
615,whatsit
616,dcolumn
617,textpos
618,berry
619,tikz-external
620,roman
621,italic
622,obsolete
623,sphinx
624,varioref
625,chess
626,qtree
627,tikz-qtree
628,pst-node
629,option-clash
630,ieee-style
631,okular
632,verse
633,kvoptions
634,comma-separated-list
635,pagenote
636,eso-pic
637,titling
638,footbib
639,envlab
640,authblk
641,pdfcomment
642,ucharclasses
643,asymptote
644,png
645,mdframed
646,statweave
647,biblatex-dw
648,relation-symbols
649,tipa
650,isomath
651,workflow
652,auto-completion
653,portability
654,java
655,pgf-decorations
656,texi2dvi
657,text-only
658,tocstyle
659,accessibility
660,latex-suite
661,latex-kernel
662,newspaper
663,debian
664,mapping
665,detokenize
666,xstring
667,xcoffins
668,beamerposter
669,interfaces
670,xifthen
671,achemso
672,bigfoot
673,ifthen
674,xtable
675,icomma
676,cards
677,xecjk
678,fullwidth
679,forward-inverse-search
680,back-referencing
681,tikz-timing
682,pixelated
683,texify
684,subfiles
685,trackchanges
686,fractals
687,parcolumns
688,tkz-fct
689,evince
690,showkeys
691,arc
692,angle
693,versions
694,apa6
695,transition
696,texdef
697,slanted
698,memory
699,octave
700,mindmaps
701,overpic
702,xpatch
703,xfig
704,tkz-graph
705,pdflscape
706,pgfgantt
707,xr
708,ltxgrid
709,knitr
710,eulervm
711,bar-chart
712,isodate
713,data-structures
714,shorthands
715,chemnum
716,sidecap
717,endfloat
718,accsupp
719,scrlttr2
720,pst-barcode
721,media9
722,sagetex
723,grid-typesetting
724,adjustbox
725,textcomp
726,context-mkiv
727,xepersian
728,fancytabs
729,awk
730,markup
731,extended-characters
732,algorithmicx
733,moderntimeline
734,context-mkii
735,degrees
736,tikz-circuit-lib
737,dvi-mode
738,zooming
739,fancytooltips
740,pgf-umlcd
741,zref
742,xmp
743,currfile
744,unix
745,ctable
746,mwe
747,l3fp
748,l3prop
749,baseline
750,color-profile
751,spy
752,restructured-text
753,venn-diagrams
754,newtx
755,docstrip
756,lscape
757,inkscape
758,subequations
759,elisp
760,amssymb
761,adobe
762,matplotlib
763,htlatex
764,nag
765,mtpro
766,arydshln
767,shorttoc
768,bibentry
769,pst-eucl
770,booklet
771,arara
772,qstest
773,bpchem
774,fancyref
775,gummi
776,autonum
777,sv-classes
778,subdividing
779,xymtex
780,splitbib
781,cuted
782,cygwin
783,pst-solides3d
784,detex
785,l3regex
786,perl
787,pgf-pie
788,persian
789,hevea
790,draftwatermark
791,dvipdf
792,siunits
793,pst-plot
794,ipad
795,pst-func
796,dpfloat
797,groupplots
798,flowfram
799,chemmacros
800,marginnote
801,bytefield
802,tkz-euclide
803,pdfscreen
804,afterpage
805,pax
806,tex-gyre-math
807,europecv
808,leaflet
809,pdf-a
810,markdown
811,lettre
812,custom-bib
813,hobby
814,times
815,tikzmark
816,stix
817,yhmath
818,biblatex-chem
819,collcell
820,tikzdevice
821,texpad
822,tablet
823,csv
824,ocg
825,tocbibind
826,hf-tikz
827,threeparttable
828,dramatist
829,powerpoint
830,linguex
831,sourcesanspro
832,sudoku
833,tikz-matrix
834,proofreading
835,blindtext
836,lipsum
837,refcheck
838,tikzscale
839,android
840,tabulary
841,bibtool
842,triskaidekaphobia
843,tikz-cd
844,ocg-p
845,pdfx
846,excel
847,bitmap
848,mini-frames
849,aliasing
850,writelatex
851,exsheets
852,titleps
853,tiff
854,jpeg
855,illustrator
856,wallpaper
857,tortoisesvn
858,bibdesk
859,picinpar
860,metafun
861,ipe
862,mathptmx
863,pst-abspos
864,everyshi
865,multicolumn
866,tikz-arrows
867,karnaugh
868,interaction
869,latexit
870,privacy
871,curve-fitting
872,pdfmark
873,l3keys
874,tikzlibrary
875,latex-to-word
876,bakoma
877,author-number
878,empheq
879,latexian
880,multido
881,xwatermark
882,atbegshi
883,pst-3dplot
884,algorithmic
885,logos
886,luamplib
887,tikz-3dplot
888,german
889,xesearch
890,parnotes
891,yap
892,latex2rtf
893,nath
894,multimedia
895,bodegraph
896,matlab2tikz
897,texcount
898,sharelatex
899,pst-grad
900,gradetable
901,savetrees
902,gregorio
903,djvu
904,offline
905,cpssp
906,diagbox
907,tikz-datavisualization
908,stmaryrd
909,tcolorbox
910,showlabels
911,urlbst
912,patgen
913,tei
914,exceltex
915,pst-circ
916,tensor
917,chronology
918,mathcode
919,kindle
920,eemeir
921,he-she
922,listingsutf8
923,verbments
924,axodraw4j
925,polyomino
926,puzzle
927,tetris
928,callback
929,lilypond
930,optical
931,modiagram
932,xlop
933,tikzpicture
934,ytableau
935,forest
936,texmacs
937,xdvipdfmx
938,maple2e
939,esami
940,dot2tex
941,sumatrapdf
942,chemistry
943,cals
944,selnolig
945,tikz-uml
946,filecontents
947,pst-optic
948,thmbox
949,fancybox
950,xtemplate
951,menukeys
952,baposter
953,dropbox
954,pstricks-add
955,fmtcount
956,tikzposter
957,invoice
958,fontawesome
959,tabto
960,program
961,ltablex
962,gitinfo
963,pst-optexp
964,bash
965,bashful
966,sidenotes
967,rivers
968,catchfile
969,fontinst
970,smartdiagram
971,covington
972,rstudio
973,pgffor
974,latexindent
975,code-folding
976,logicpuzzle
977,ptex
978,newtxmath
979,openbsd
980,ticks
981,pifont
982,acro
983,parshape
984,placeins
985,epslatex
986,ebgaramond
987,easylist
988,musixtex
989,sublime-text
990,texinfo
991,xcookybooky
992,texnicle
993,mathabx
994,programming-tools
995,amsfonts
996,stringstrings
997,polarplot
998,cgloss4e
999,untagged
1000,code-review
1001,tikz-calendar
1002,organisation
1003,ellipsis
1004,fontforge
1005,tikz-graphs
1006,inlage
1007,amsproc
1008,remember
1009,zotero
1010,excel2latex
1011,threeparttablex
1012,shapes
1013,ktikz
1014,fpu
1015,floating-point
1016,block
1017,pst-coil
1018,eplain
1019,content-replication
1020,xpinyin
1021,dinbrief
1022,agutex
1023,classics
1024,stackengine
1025,research
1026,export
1027,adjmulticol
1028,idxlayout
1029,expex
1030,ltxtable
1031,tqft
1032,a0poster
1033,pygments
1034,venturis
1035,circuits
1036,gloss
1037,eledmac
1038,mdwtools
1039,scrlayer-scrpage
1040,systeme
1041,dot2texi
1042,psmatrix
1043,csvsimple
1044,otftotfm
1045,live-preview
1046,alignat
1047,multiple-files
1048,flyspell
1049,foilhead
1050,pgf-3.0.0
1051,paracol
1052,translator
1053,lacheck
1054,zwpagelayout
1055,lhs2tex
1056,russian
1057,hepthesis
1058,svmono
1059,epic
1060,prelim2e
1061,latvian
1062,etoc
1063,pdfbook
1064,esint
1065,tikzpagenodes
1066,epub
1067,embedfile
1068,sketch
1069,vim-latex
1070,pst-asr
1071,blog
1072,l3int
1073,lamstex
1074,xdvi
1075,txfonts
1076,lulu
1077,beramono
1078,mnsymbol
1079,pgfornament
1080,uplatex
1081,pst-geo
1082,tikz-extern
1083,tikz-fit
1084,lua-visual-debug
1085,chapterthumb
1086,fillbetween
1087,mercurial
1088,proof-package
1089,robust-commands
1090,pattern
1091,registers
1092,tikz-pic
1093,tests
1094,opmac
1095,authorindex
1096,float-like
1097,xint
1098,c
1099,pspicture
1100,thumb-index
1101,notepad++
1102,if
1103,euler
1104,mathastext
1105,xkvltxp
1106,callout
1107,multi-pointer
1108,csplain
1109,advdate
1110,pronunciation
1111,bigdelim
1112,random
1113,dialogue
1114,tikzedt
1115,examplep
1116,kotex
1117,eledpar
1118,aastex
1119,pstool
1120,everypage
1121,ecv
1122,upquote
1123,tikz-shape
1124,frame-title
1125,hex
1126,pst-poly
1127,rnw
1128,pgflayers
1129,nameauth
1130,marvosym
1131,subequatio
1132,rowcolor
1133,files
1134,directory
1135,mendeley
1136,turkish
1137,trapezium
1138,welsh
1139,longtabu
1140,vspace
